{
	"0":	0.000131,
	"1":	0.000406,
	"2":	0.000072,
	"3":	0.000078,
	"4":	0.000060,
	"5":	0.000078,
	"6":	0.000042,
	"7":	0.000036,
	"8":	0.000060,
	"9":	0.000066,
	"A":	0.004309,
	"B":	0.000746,
	"C":	0.001116,
	"D":	0.001444,
	"E":	0.001868,
	"F":	0.000800,
	"G":	0.001152,
	"H":	0.001844,
	"I":	0.004972,
	"J":	0.000078,
	"K":	0.000525,
	"L":	0.000943,
	"M":	0.001325,
	"N":	0.001086,
	"O":	0.001397,
	"P":	0.001027,
	"Q":	0.000507,
	"R":	0.001265,
	"S":	0.001725,
	"T":	0.003408,
	"U":	0.000663,
	"V":	0.000310,
	"W":	0.001528,
	"X":	0.000036,
	"Y":	0.000848,
	"Z":	0.000006
}
